code,name,lat,lon
90001,90001,33.974026,-118.24951
90002,90002,33.949099,-118.246737
90003,90003,33.964131,-118.272783
90004,90004,34.076198,-118.310722
90005,90005,34.059163,-118.306892
90006,90006,34.048041,-118.294177
90007,90007,34.028127,-118.28483
90008,90008,34.009552,-118.346724
90010,90010,34.062148,-118.315889
90011,90011,34.00709,-118.258681
90012,90012,34.065975,-118.238642
90013,90013,34.045405,-118.240454
90014,90014,34.043146,-118.251746
90015,90015,34.039378,-118.2663
90016,90016,34.028331,-118.354338
90017,90017,34.052913,-118.26434
90018,90018,34.028887,-118.317183
90019,90019,34.049841,-118.33846
90020,90020,34.066379,-118.30987
90021,90021,34.029036,-118.23787
90022,90022,34.023728,-118.156275
90023,90023,34.022502,-118.199613
90024,90024,34.065739,-118.435026
90025,90025,34.045421,-118.445873
90026,Silver Lake,34.080017,-118.262643
90027,90027,34.127603,-118.296381
90028,90028,34.099912,-118.326912
90029,90029,34.089848,-118.29466
90031,90031,34.084197,-118.208567
90032,90032,34.078294,-118.185785
90033,90033,34.05038,-118.211991
90034,90034,34.030578,-118.399613
90035,90035,34.051819,-118.383582
90036,90036,34.07041,-118.350411
90037,90037,34.002717,-118.287486
90038,90038,34.088475,-118.325527
90039,Atwater Village,34.111885,-118.261033
90040,90040,33.994523,-118.149952
90041,Eagle Rock,34.137412,-118.207607
90042,Highland Park,34.114708,-118.192098
90043,90043,33.988505,-118.336358
90044,90044,33.952725,-118.291904
90045,Westchester,33.942387,-118.416062
90046,90046,34.10781,-118.362247
90047,90047,33.953617,-118.308428
90048,90048,34.072925,-118.372711
90049,90049,34.09254,-118.491064
90056,90056,33.988047,-118.370361
90057,90057,34.061735,-118.276757
90058,90058,34.002844,-118.2164
90059,90059,33.926262,-118.249883
90061,90061,33.92128,-118.274186
90062,90062,34.003629,-118.308818
90063,90063,34.045105,-118.185914
90064,90064,34.037251,-118.423573
90065,Glassell Park,34.109595,-118.228689
90066,Mar Vista,34.002028,-118.430656
90067,90067,34.057597,-118.413998
90068,90068,34.129772,-118.330989
90069,90069,34.09383,-118.381698
90071,90071,34.052876,-118.254943
90073,90073,34.054534,-118.457025
90077,90077,34.108023,-118.456964
90079,90079,34.040587,-118.255404
90089,90089,34.020221,-118.286035
90090,90090,34.072854,-118.240922
90094,90094,33.975409,-118.417
90095,90095,34.071225,-118.443373
90201,90201,33.970343,-118.171368
90210,90210,34.100517,-118.41463
90211,90211,34.064958,-118.382979
90212,90212,34.06221,-118.401966
90220,90220,33.88151,-118.234451
90221,90221,33.885639,-118.205808
90222,90222,33.912246,-118.236773
90230,90230,33.997862,-118.393617
90232,Culver City,34.019323,-118.391902
90240,90240,33.955729,-118.118346
90241,90241,33.940445,-118.129022
90242,90242,33.921793,-118.140588
90245,90245,33.91714,-118.404267
90247,90247,33.890853,-118.297967
90248,90248,33.87834,-118.2841
90249,90249,33.90139,-118.315697
90250,90250,33.914775,-118.348083
90254,90254,33.864259,-118.399303
90255,90255,33.979248,-118.217438
90260,90260,33.88856,-118.351813
90262,90262,33.923533,-118.200705
90263,90263,34.039034,-118.707992
90265,90265,34.066117,-118.846342
90266,90266,33.889151,-118.402127
90270,90270,33.987729,-118.186597
90272,90272,34.092567,-118.534363
90274,90274,33.77992,-118.370067
90275,90275,33.753134,-118.367973
90277,90277,33.830006,-118.387124
90278,90278,33.873228,-118.370368
90280,South Gate,33.944159,-118.192761
90290,90290,34.107752,-118.616218
90291,Venice,33.993396,-118.465193
90292,90292,33.976373,-118.450888
90293,90293,33.947305,-118.439841
90301,90301,33.956526,-118.358653
90302,90302,33.975332,-118.355252
90303,90303,33.939766,-118.331085
90304,90304,33.937886,-118.358559
90305,90305,33.95889,-118.330548
90401,Santa Monica,34.013666,-118.49375
90402,90402,34.034666,-118.504039
90403,90403,34.030755,-118.492101
90404,90404,34.026607,-118.47364
90405,90405,34.011312,-118.469762
90501,90501,33.833744,-118.314022
90502,90502,33.833181,-118.292062
90503,90503,33.839463,-118.353699
90504,90504,33.867257,-118.330794
90505,90505,33.807882,-118.347957
90506,90506,33.884696,-118.329998
90601,90601,34.007937,-118.030324
90602,90602,33.972782,-118.022066
90603,90603,33.94539,-117.992488
90604,90604,33.927691,-118.013828
90605,90605,33.950295,-118.024352
90606,90606,33.977272,-118.066363
90620,90620,33.845223,-118.015292
90621,90621,33.874224,-117.993368
90623,90623,33.850616,-118.039565
90630,90630,33.818477,-118.038307
90631,90631,33.942708,-117.952483
90638,La Mirada,33.902045,-118.008961
90640,90640,34.015444,-118.111012
90650,Norwalk,33.9076,-118.082645
90660,90660,33.989524,-118.089295
90670,90670,33.933565,-118.062611
90680,90680,33.801122,-117.994911
90701,90701,33.8676,-118.080612
90703,90703,33.867745,-118.069471
90704,90704,33.399325,-118.435329
90706,90706,33.887821,-118.12725
90710,90710,33.799904,-118.298661
90712,90712,33.849034,-118.147902
90713,90713,33.847988,-118.1126
90715,90715,33.841027,-118.079141
90716,90716,33.830482,-118.073451
90717,Lomita,33.793803,-118.317172
90720,90720,33.795012,-118.062692
90723,90723,33.898883,-118.166629
90731,90731,33.736324,-118.279183
90732,90732,33.74212,-118.312878
90740,90740,33.759031,-118.067185
90742,90742,33.720551,-118.076021
90743,90743,33.729202,-118.085043
90744,90744,33.779284,-118.261723
90745,90745,33.822725,-118.264109
90746,90746,33.859231,-118.252312
90747,90747,33.8629,-118.251318
90755,90755,33.803461,-118.169735
90802,90802,33.748896,-118.204017
90803,Belmont Shore,33.756666,-118.131061
90804,90804,33.781686,-118.148365
90805,90805,33.864617,-118.180567
90806,90806,33.805401,-118.187701
90807,90807,33.82774,-118.17482
90808,90808,33.823943,-118.111335
90810,90810,33.819841,-118.222378
90813,90813,33.782259,-118.196793
90814,90814,33.771616,-118.143627
90815,90815,33.794348,-118.116391
90822,90822,33.778436,-118.118648
90831,90831,33.768334,-118.201636
91001,Altadena,34.194489,-118.138263
91006,91006,34.136258,-118.026704
91007,91007,34.128284,-118.047732
91008,91008,34.153159,-117.968818
91010,91010,34.141586,-117.957627
91011,91011,34.222119,-118.205306
91016,91016,34.1528,-118.000482
91020,91020,34.21134,-118.230652
91024,91024,34.168771,-118.050216
91030,91030,34.108957,-118.156615
91040,91040,34.261962,-118.336078
91042,91042,34.322618,-118.23757
91046,91046,34.211452,-118.241035
91101,91101,34.146628,-118.139476
91103,Northwest Pasadena,34.169538,-118.164941
91104,Pasadena,34.165356,-118.123751
91105,91105,34.13946,-118.166649
91106,91106,34.139402,-118.128658
91107,91107,34.155533,-118.086178
91108,91108,34.122671,-118.112911
91201,91201,34.17051,-118.289463
91202,91202,34.168366,-118.267771
91203,91203,34.153338,-118.262974
91204,91204,34.136194,-118.260934
91205,Glendale,34.13658,-118.245839
91206,91206,34.160359,-118.213769
91207,91207,34.183302,-118.264478
91208,91208,34.185665,-118.239497
91210,91210,34.144557,-118.256507
91214,91214,34.236302,-118.249185
91301,91301,34.123286,-118.758541
91302,Calabasas,34.122556,-118.669821
91303,91303,34.198292,-118.600913
91304,91304,34.224192,-118.632384
91306,91306,34.209532,-118.577563
91307,91307,34.200485,-118.664836
91311,91311,34.292495,-118.602424
91316,91316,34.160236,-118.515472
91320,91320,34.175968,-118.945091
91321,91321,34.368158,-118.48913
91324,91324,34.238208,-118.55029
91325,91325,34.237519,-118.517712
91326,91326,34.281775,-118.555697
91330,91330,34.247613,-118.526083
91331,91331,34.255442,-118.421314
91335,91335,34.200175,-118.540958
91340,91340,34.286687,-118.43508
91342,91342,34.326584,-118.382261
91343,91343,34.237912,-118.482306
91344,Granada Hills,34.294615,-118.507001
91345,91345,34.265879,-118.456748
91350,91350,34.434623,-118.500092
91351,91351,34.433727,-118.458061
91352,91352,34.230854,-118.365856
91354,91354,34.464816,-118.553871
91355,91355,34.440082,-118.644055
91356,91356,34.155097,-118.547553
91360,91360,34.212718,-118.882132
91361,91361,34.136003,-118.888634
91362,91362,34.193336,-118.818692
91364,91364,34.15478,-118.595091
91367,91367,34.177311,-118.615704
91371,91371,34.184518,-118.57644
91377,91377,34.184974,-118.766912
91381,91381,34.384728,-118.647334
91384,91384,34.506627,-118.699048
91387,91387,34.402519,-118.363463
91390,91390,34.545587,-118.420095
91401,91401,34.178483,-118.431791
91402,91402,34.222506,-118.444689
91403,91403,34.147149,-118.463365
91405,91405,34.199824,-118.447609
91406,91406,34.197454,-118.488978
91411,Van Nuys,34.178522,-118.459234
91423,91423,34.148617,-118.433298
91436,91436,34.149588,-118.489708
91501,91501,34.2044,-118.287527
91502,91502,34.176817,-118.309323
91504,91504,34.204568,-118.326365
91505,91505,34.173885,-118.346937
91506,Burbank,34.171188,-118.323913
91601,91601,34.1692,-118.372269
91602,91602,34.150818,-118.368159
91604,91604,34.140822,-118.392864
91605,91605,34.207341,-118.400973
91606,91606,34.185767,-118.388323
91607,Valley Village,34.165783,-118.399795
91608,91608,34.138735,-118.350857
91701,91701,34.137633,-117.600009
91702,91702,34.280333,-117.866141
91706,91706,34.09741,-117.968269
91708,91708,33.952084,-117.639784
91709,91709,33.964199,-117.737063
91710,91710,34.004486,-117.684713
91711,91711,34.128066,-117.714773
91722,91722,34.097333,-117.906707
91723,91723,34.084747,-117.886844
91724,91724,34.080444,-117.854734
91730,91730,34.101102,-117.578217
91731,91731,34.078573,-118.043456
91732,91732,34.07342,-118.015345
91733,91733,34.045809,-118.053756
91737,91737,34.152567,-117.577744
91739,91739,34.172754,-117.521243
91740,91740,34.119367,-117.855054
91741,91741,34.156838,-117.841578
91744,91744,34.0313,-117.936777
91745,91745,33.999005,-117.972146
91746,91746,34.044416,-117.985366
91748,91748,33.974883,-117.900676
91750,91750,34.178468,-117.774405
91752,91752,33.996484,-117.531335
91754,91754,34.052922,-118.143465
91755,91755,34.050965,-118.114394
91759,91759,34.263699,-117.699574
91761,91761,34.035602,-117.591528
91762,91762,34.05941,-117.674094
91763,91763,34.072359,-117.698329
91764,91764,34.074087,-117.605618
91765,91765,33.98627,-117.821282
91766,91766,34.042286,-117.756106
91767,91767,34.083086,-117.737997
91768,91768,34.063516,-117.790379
91770,91770,34.065493,-118.084529
91773,91773,34.110186,-117.81039
91775,91775,34.115261,-118.088311
91776,91776,34.090776,-118.095091
91780,91780,34.102077,-118.057754
91784,91784,34.141146,-117.655583
91786,91786,34.105304,-117.662089
91789,91789,34.018195,-117.854821
91790,91790,34.066964,-117.937007
91791,91791,34.061624,-117.892235
91792,91792,34.024199,-117.89988
91801,Alhambra,34.090727,-118.127525
91803,91803,34.074736,-118.145959
91901,91901,32.808563,-116.710076
91902,91902,32.665762,-117.018657
91905,91905,32.678648,-116.307485
91906,91906,32.654814,-116.465544
91910,91910,32.637882,-117.058047
91911,91911,32.608185,-117.054512
91913,91913,32.6201,-116.986899
91914,91914,32.664699,-116.951905
91915,91915,32.623185,-116.949053
91916,91916,32.887994,-116.621349
91917,91917,32.608746,-116.719819
91931,91931,32.846363,-116.557729
91932,91932,32.573755,-117.120872
91934,91934,32.648992,-116.152565
91935,91935,32.721918,-116.788204
91941,91941,32.759266,-116.997091
91942,91942,32.777999,-117.021511
91945,91945,32.733168,-117.034176
91948,91948,32.866646,-116.448325
91950,91950,32.670646,-117.094668
91962,91962,32.735124,-116.415129
91963,91963,32.626189,-116.609973
91977,91977,32.725963,-116.996552
91978,91978,32.724154,-116.940093
91980,91980,32.588861,-116.619149
92003,92003,33.285274,-117.197777
92004,92004,33.142077,-116.106046
92007,92007,33.023046,-117.275581
92008,92008,33.147294,-117.322181
92009,92009,33.095482,-117.243884
92010,92010,33.165381,-117.281427
92011,92011,33.107582,-117.292182
92014,92014,32.963232,-117.250367
92019,92019,32.77987,-116.884422
92020,92020,32.795512,-116.969758
92021,92021,32.838798,-116.869956
92024,92024,33.056022,-117.2599
92025,92025,33.102005,-117.080419
92026,92026,33.21244,-117.116093
92027,92027,33.131601,-116.976937
92028,92028,33.390477,-117.209427
92029,92029,33.0824,-117.127641
92036,92036,33.022474,-116.493688
92037,92037,32.856347,-117.250058
92040,92040,32.90891,-116.891972
92054,92054,33.195534,-117.354538
92055,92055,33.387695,-117.444794
92056,92056,33.199582,-117.298764
92057,92057,33.25462,-117.283311
92058,92058,33.328839,-117.308054
92059,92059,33.376472,-117.066136
92060,92060,33.346808,-116.853215
92061,92061,33.298525,-116.924781
92064,92064,32.983606,-117.019035
92065,92065,33.053006,-116.850651
92066,92066,33.219365,-116.535247
92067,92067,33.020908,-117.190346
92069,92069,33.170776,-117.158675
92070,92070,33.14709,-116.717453
92071,92071,32.852358,-116.987842
92075,92075,32.997248,-117.26058
92078,92078,33.117065,-117.180807
92081,92081,33.164335,-117.240292
92082,92082,33.253513,-117.003382
92083,92083,33.197856,-117.248146
92084,92084,33.219887,-117.202822
92086,92086,33.323221,-116.66593
92091,92091,33.015918,-117.243635
92101,92101,32.724103,-117.170912
92102,92102,32.716222,-117.11705
92103,92103,32.747416,-117.166881
92104,92104,32.741653,-117.128193
92105,92105,32.737836,-117.092655
92106,92106,32.711273,-117.237088
92107,92107,32.739055,-117.245404
92108,92108,32.773983,-117.142706
92109,92109,32.786772,-117.234207
92110,92110,32.765244,-117.200391
92111,92111,32.806442,-117.168886
92113,92113,32.696716,-117.117881
92114,92114,32.707756,-117.055095
92115,92115,32.764998,-117.073641
92116,92116,32.764989,-117.122785
92117,92117,32.824569,-117.199521
92118,92118,32.698795,-117.20911
92119,92119,32.817888,-117.031956
92120,92120,32.794674,-117.071172
92121,92121,32.899592,-117.201203
92122,92122,32.861727,-117.171224
92123,92123,32.806774,-117.134943
92124,92124,32.826521,-117.086015
92126,92126,32.908485,-117.141402
92127,92127,33.020165,-117.123297
92128,92128,32.999818,-117.071808
92129,92129,32.964882,-117.126019
92130,92130,32.947589,-117.207392
92131,92131,32.886088,-117.086039
92132,92132,32.713672,-117.172039
92134,92134,32.72418,-117.146658
92135,92135,32.693782,-117.194765
92139,92139,32.67991,-117.048885
92140,92140,32.739496,-117.197401
92145,92145,32.930554,-117.008063
92147,92147,32.725224,-117.218479
92154,92154,32.567022,-117.00425
92155,92155,32.674956,-117.161766
92173,92173,32.553021,-117.042454
92201,92201,33.710984,-116.204844
92203,92203,33.753959,-116.246487
92210,92210,33.703465,-116.325898
92211,92211,33.765401,-116.334205
92220,92220,33.948932,-116.832387
92222,92222,32.785826,-114.545506
92223,92223,33.948338,-116.988022
92225,92225,33.736458,-114.687973
92227,92227,32.990121,-115.358757
92230,92230,33.910599,-116.765976
92231,92231,32.687657,-115.541169
92233,92233,33.172881,-115.553769
92234,92234,33.818256,-116.466743
92236,92236,33.686143,-116.172917
92239,92239,33.762149,-115.4661
92240,92240,33.95154,-116.520104
92241,92241,33.842584,-116.2929
92242,92242,34.163216,-114.319121
92243,92243,32.770197,-115.59859
92249,92249,32.72558,-115.472689
92250,92250,32.777373,-115.127981
92251,92251,32.881449,-115.675459
92252,92252,34.168335,-116.28843
92253,92253,33.646083,-116.275297
92254,92254,33.543835,-115.993906
92256,92256,34.07707,-116.606438
92257,92257,33.294262,-115.296229
92258,92258,33.915839,-116.559872
92259,92259,32.73776,-115.932343
92260,92260,33.708254,-116.403534
92262,92262,33.860549,-116.56149
92264,92264,33.712943,-116.497143
92266,92266,33.345027,-114.915942
92267,92267,34.273755,-114.196525
92268,92268,34.221987,-116.564327
92270,92270,33.768584,-116.429988
92273,92273,32.817225,-115.700076
92274,92274,33.460457,-116.084545
92275,92275,33.273661,-115.878274
92276,92276,33.82233,-116.364238
92277,92277,34.179388,-115.635346
92278,92278,34.229975,-116.055065
92280,92280,34.112956,-114.633391
92281,92281,33.051757,-115.608752
92282,92282,33.96548,-116.658716
92283,92283,32.891546,-114.772943
92284,92284,34.186172,-116.432488
92285,92285,34.340223,-116.540437
92301,92301,34.585234,-117.453927
92304,92304,34.541483,-115.644609
92305,92305,34.141671,-116.817981
92307,92307,34.571231,-117.133092
92308,92308,34.426726,-117.160931
92309,92309,35.332155,-116.038586
92310,92310,35.26146,-116.690324
92311,92311,34.980294,-116.964449
92313,92313,34.031002,-117.312929
92314,92314,34.261092,-116.809496
92315,92315,34.232796,-116.902863
92316,92316,34.059093,-117.390659
92320,92320,33.99047,-117.052101
92321,92321,34.253816,-117.150891
92322,92322,34.254348,-117.326463
92324,92324,34.025689,-117.288795
92325,92325,34.243482,-117.281304
92327,92327,34.863585,-116.862059
92328,92328,36.597808,-116.827404
92332,92332,34.91246,-115.342099
92333,92333,34.270601,-116.949309
92335,92335,34.087181,-117.46545
92336,92336,34.147718,-117.464506
92337,92337,34.04981,-117.470609
92338,92338,34.782898,-116.19049
92339,92339,34.093661,-116.936222
92341,92341,34.236643,-117.062838
92342,92342,34.757047,-117.350142
92344,92344,34.391145,-117.405723
92345,92345,34.376319,-117.294397
92346,92346,34.124199,-117.181054
92347,92347,34.954459,-117.22234
92352,92352,34.259971,-117.199381
92354,92354,34.050788,-117.250153
92356,92356,34.510646,-116.896718
92358,92358,34.259272,-117.520971
92359,92359,34.085289,-117.076311
92363,92363,34.889225,-114.640587
92364,92364,35.340446,-115.426225
92365,92365,34.899991,-116.654532
92368,92368,34.650629,-117.321326
92371,92371,34.442643,-117.541814
92372,92372,34.445607,-117.623563
92373,92373,34.011953,-117.159699
92374,92374,34.067146,-117.171885
92376,92376,34.111605,-117.377406
92377,92377,34.156043,-117.40412
92378,92378,34.226083,-117.225931
92382,92382,34.205287,-117.117403
92384,92384,36.007706,-116.178478
92385,92385,34.214741,-117.192326
92386,92386,34.237229,-116.827695
92389,92389,35.900961,-116.186357
92391,92391,34.237849,-117.234736
92392,92392,34.480247,-117.408185
92394,92394,34.556111,-117.353632
92395,92395,34.501472,-117.292048
92397,92397,34.374009,-117.628429
92398,92398,34.915975,-116.865826
92399,92399,34.032312,-117.010577
92401,92401,34.104795,-117.292152
92404,92404,34.178337,-117.251458
92405,92405,34.144626,-117.301302
92407,92407,34.212326,-117.381183
92408,92408,34.083619,-117.26846
92410,92410,34.107394,-117.297541
92411,92411,34.122501,-117.320138
92501,92501,33.996523,-117.374179
92503,92503,33.882584,-117.442292
92504,92504,33.903134,-117.398044
92505,92505,33.936319,-117.493743
92506,92506,33.934328,-117.367312
92507,92507,33.971006,-117.325181
92508,92508,33.891154,-117.326751
92509,92509,34.003266,-117.442004
92518,92518,33.889184,-117.277729
92530,92530,33.652315,-117.375512
92532,92532,33.692684,-117.303172
92536,92536,33.492391,-116.837955
92539,92539,33.527867,-116.64762
92543,92543,33.6673,-116.963506
92544,92544,33.645934,-116.881628
92545,92545,33.729684,-117.034166
92548,92548,33.758663,-117.109481
92549,92549,33.768539,-116.753396
92551,92551,33.88274,-117.224878
92553,92553,33.923376,-117.244816
92555,92555,33.88971,-117.11343
92557,92557,33.970193,-117.259385
92561,92561,33.637201,-116.627212
92562,92562,33.547613,-117.34404
92563,92563,33.580016,-117.14736
92567,92567,33.811126,-117.103494
92570,92570,33.787292,-117.320673
92571,92571,33.828396,-117.20766
92582,92582,33.807607,-117.015163
92583,92583,33.796905,-116.929217
92584,92584,33.652776,-117.173581
92585,92585,33.746695,-117.172135
92586,92586,33.708981,-117.198853
92587,92587,33.693929,-117.250504
92590,92590,33.48294,-117.226084
92591,92591,33.535237,-117.104864
92592,92592,33.511228,-117.042396
92595,92595,33.617835,-117.259307
92596,92596,33.668913,-117.047314
92602,92602,33.762876,-117.75648
92603,92603,33.627548,-117.791737
92604,92604,33.690689,-117.789137
92606,92606,33.700173,-117.817499
92610,92610,33.696173,-117.67604
92612,92612,33.65844,-117.826009
92614,92614,33.68021,-117.833355
92617,92617,33.642508,-117.841681
92618,92618,33.668172,-117.734156
92620,92620,33.713382,-117.751242
92624,92624,33.453208,-117.662612
92625,92625,33.601966,-117.864254
92626,92626,33.679591,-117.908531
92627,92627,33.647763,-117.919761
92629,92629,33.475061,-117.70563
92630,92630,33.645736,-117.685503
92637,92637,33.612058,-117.730319
92646,92646,33.66205,-117.968459
92647,92647,33.723228,-118.008692
92648,92648,33.67901,-118.014603
92649,92649,33.72524,-118.051579
92651,92651,33.57148,-117.772889
92653,92653,33.591216,-117.697621
92655,92655,33.745132,-117.984871
92656,92656,33.576213,-117.730367
92657,92657,33.595058,-117.829131
92660,92660,33.634626,-117.874882
92661,92661,33.603594,-117.912672
92662,92662,33.605086,-117.892319
92663,92663,33.623272,-117.933749
92672,92672,33.424093,-117.606739
92673,92673,33.466908,-117.614016
92675,92675,33.502107,-117.604606
92676,92676,33.749488,-117.616386
92677,92677,33.528654,-117.701253
92678,92678,33.685018,-117.529309
92679,92679,33.633018,-117.590565
92683,92683,33.752498,-117.993967
92688,92688,33.619672,-117.612087
92691,92691,33.611945,-117.665867
92692,92692,33.606497,-117.643112
92694,92694,33.547233,-117.623751
92701,92701,33.748228,-117.85847
92703,92703,33.748726,-117.906078
92704,92704,33.721131,-117.90511
92705,92705,33.765609,-117.790075
92706,92706,33.765897,-117.882224
92707,92707,33.709935,-117.870431
92708,92708,33.710582,-117.951129
92780,92780,33.733946,-117.819169
92782,92782,33.739702,-117.784708
92801,92801,33.844983,-117.952151
92802,92802,33.808264,-117.923657
92804,92804,33.818271,-117.975019
92805,92805,33.83147,-117.905779
92806,92806,33.83796,-117.870494
92807,92807,33.848733,-117.788357
92808,92808,33.856512,-117.740208
92821,92821,33.927561,-117.887086
92823,92823,33.928421,-117.809284
92831,92831,33.879768,-117.896346
92832,92832,33.868612,-117.929012
92833,92833,33.879324,-117.961727
92835,92835,33.901886,-117.916639
92840,92840,33.787165,-117.931889
92841,92841,33.78686,-117.981996
92843,92843,33.763931,-117.93145
92844,92844,33.765465,-117.969464
92845,92845,33.783112,-118.026282
92860,92860,33.925519,-117.551958
92861,92861,33.817283,-117.811184
92865,92865,33.826393,-117.851307
92866,92866,33.784615,-117.844775
92867,92867,33.80098,-117.843772
92868,92868,33.788092,-117.876298
92869,92869,33.80845,-117.791737
92870,92870,33.881158,-117.854783
92879,92879,33.882614,-117.528205
92880,92880,33.92539,-117.607254
92881,92881,33.827409,-117.524128
92882,92882,33.844134,-117.60867
92883,92883,33.748086,-117.468037
92886,92886,33.896324,-117.796561
92887,92887,33.884701,-117.731287
93001,93001,34.058607,-119.92912
93003,93003,34.283668,-119.223196
93004,93004,34.278679,-119.165615
93010,93010,34.227888,-119.079553
93012,93012,34.196026,-118.992531
93013,93013,34.440133,-119.503306
93015,93015,34.4041,-118.897777
93021,93021,34.303596,-118.889583
93022,93022,34.40778,-119.306554
93023,93023,34.529879,-119.310238
93030,93030,34.205336,-119.174835
93033,93033,34.150203,-119.127727
93035,93035,34.18165,-119.223902
93036,93036,34.237254,-119.184449
93040,93040,34.473884,-118.797181
93041,93041,34.106028,-119.098081
93042,93042,33.255655,-119.503588
93043,93043,34.170854,-119.202409
93060,93060,34.402197,-119.094893
93063,93063,34.308048,-118.686969
93064,93064,34.247553,-118.700943
93065,93065,34.258405,-118.775026
93066,93066,34.297699,-119.014558
93067,93067,34.421964,-119.593483
93101,93101,34.418979,-119.709167
93103,93103,34.437367,-119.679284
93105,93105,34.533222,-119.791731
93108,93108,34.448024,-119.616984
93109,93109,34.406408,-119.726927
93110,93110,34.446201,-119.762794
93111,93111,34.449185,-119.804782
93117,93117,34.479453,-120.084094
93201,93201,35.856859,-119.507526
93202,93202,36.313457,-119.708326
93203,93203,35.112617,-118.832292
93204,93204,35.889885,-120.06859
93205,93205,35.518295,-118.430032
93206,93206,35.437302,-119.477735
93207,93207,35.895294,-118.595627
93208,93208,36.056587,-118.568462
93210,93210,36.216313,-120.424244
93212,93212,36.042151,-119.5277
93215,93215,35.779507,-119.200825
93218,93218,35.857141,-119.04493
93219,93219,35.873666,-119.281551
93220,93220,35.403611,-118.756525
93221,93221,36.295018,-119.02602
93222,93222,34.842425,-119.203723
93223,93223,36.30455,-119.20489
93224,93224,35.228141,-119.569251
93225,93225,34.768503,-119.030293
93226,93226,35.735652,-118.738373
93230,93230,36.29223,-119.622676
93234,93234,36.191261,-120.090077
93235,93235,36.389827,-119.219896
93238,93238,35.729087,-118.391794
93239,93239,36.04719,-119.990217
93240,93240,35.617547,-118.452285
93241,93241,35.254701,-118.912678
93242,93242,36.442076,-119.727732
93243,93243,34.7727,-118.791975
93244,93244,36.488679,-118.998074
93245,93245,36.29227,-119.829463
93247,93247,36.206255,-119.071081
93249,93249,35.621697,-119.887747
93250,93250,35.665082,-119.197958
93251,93251,35.335705,-119.758248
93252,93252,34.710034,-119.243808
93254,93254,34.966867,-119.810433
93255,93255,35.67733,-118.101417
93256,93256,35.960636,-119.312992
93257,93257,35.988087,-118.860221
93258,93258,36.05438,-119.150397
93260,93260,35.817283,-118.669148
93261,93261,35.808533,-119.128082
93262,93262,36.615624,-118.697574
93263,93263,35.492811,-119.286859
93265,93265,36.245404,-118.693313
93266,93266,36.145394,-119.867288
93267,93267,36.151213,-119.049114
93268,93268,35.162402,-119.42517
93270,93270,35.955575,-119.092555
93271,93271,36.469206,-118.800757
93272,93272,36.047354,-119.344428
93274,93274,36.178091,-119.370752
93276,93276,35.299176,-119.358368
93277,93277,36.301334,-119.372586
93280,93280,35.652242,-119.4464
93283,93283,35.592099,-118.297698
93285,93285,35.71536,-118.507495
93286,93286,36.46271,-119.093242
93287,93287,35.757895,-118.988161
93291,93291,36.391777,-119.372842
93292,93292,36.373384,-119.211765
93301,93301,35.384336,-119.020562
93304,93304,35.339702,-119.023452
93305,93305,35.38975,-118.985185
93306,93306,35.468193,-118.779751
93307,93307,35.24512,-118.9411
93308,93308,35.621092,-118.789678
93309,93309,35.343046,-119.06504
93311,93311,35.192404,-119.175866
93312,93312,35.393476,-119.120455
93313,93313,35.163203,-119.046327
93314,93314,35.393866,-119.244846
93401,93401,35.235871,-120.615914
93402,93402,35.295232,-120.835468
93405,93405,35.300465,-120.734843
93410,93410,35.301198,-120.660939
93420,93420,35.176011,-120.476757
93422,93422,35.465349,-120.689439
93424,93424,35.185918,-120.731786
93426,93426,35.849603,-120.943155
93427,93427,34.610336,-120.218476
93428,93428,35.585,-121.041474
93429,93429,34.867662,-120.539904
93430,93430,35.484767,-120.944173
93432,93432,35.47852,-120.481435
93433,93433,35.120888,-120.619664
93434,93434,34.906979,-120.582698
93436,93436,34.599926,-120.376532
93437,93437,34.737964,-120.543739
93440,93440,34.714744,-120.231561
93441,93441,34.7722,-119.987272
93442,93442,35.401398,-120.799935
93444,93444,35.037198,-120.504593
93445,93445,35.044075,-120.620707
93446,93446,35.663149,-120.749674
93449,93449,35.160934,-120.653342
93450,93450,36.085423,-120.818522
93451,93451,35.882243,-120.610822
93452,93452,35.746485,-121.223348
93453,93453,35.303925,-120.256566
93454,93454,34.923013,-120.259463
93455,93455,34.831792,-120.433509
93458,93458,34.95934,-120.490081
93460,93460,34.653533,-120.007153
93461,93461,35.652911,-120.266428
93463,93463,34.624601,-120.137595
93465,93465,35.540027,-120.733662
93501,93501,35.067111,-118.184941
93505,93505,35.16374,-117.886527
93510,93510,34.450906,-118.227614
93512,93512,37.891866,-118.554569
93513,93513,37.131989,-118.15588
93514,93514,37.492115,-118.390408
93516,93516,35.004721,-117.632104
93517,93517,38.235504,-119.454438
93518,93518,35.385111,-118.491168
93519,93519,35.294349,-117.925785
93522,93522,36.316298,-117.592333
93523,93523,34.948256,-117.84291
93524,93524,34.931987,-117.907127
93526,93526,36.823834,-118.281246
93527,93527,36.119622,-118.177124
93528,93528,35.37167,-117.64322
93529,93529,37.815507,-119.095647
93530,93530,36.476096,-117.860557
93531,93531,35.221906,-118.582566
93532,93532,34.689848,-118.533689
93534,93534,34.713333,-118.152788
93535,93535,34.713656,-117.86466
93536,93536,34.74739,-118.369249
93541,93541,37.973561,-119.108212
93543,93543,34.481108,-117.982006
93544,93544,34.495537,-117.756645
93545,93545,36.556387,-118.054221
93546,93546,37.549126,-118.839814
93549,93549,36.212203,-117.948532
93550,93550,34.408549,-118.123592
93551,93551,34.604105,-118.239213
93552,93552,34.570867,-118.023744
93553,93553,34.407332,-117.911841
93554,93554,35.413944,-117.764333
93555,93555,35.606509,-117.683472
93558,93558,35.347891,-117.621368
93560,93560,34.866894,-118.339832
93561,93561,35.118772,-118.493811
93562,93562,35.746163,-117.386819
93563,93563,34.402526,-117.766068
93591,93591,34.597861,-117.815573
93592,93592,35.852815,-117.224709
93601,93601,37.393471,-119.741037
93602,93602,37.03116,-119.318751
93603,93603,36.622507,-118.957187
93604,93604,37.344025,-119.421895
93605,93605,37.203158,-119.249243
93606,93606,36.803197,-120.018564
93608,93608,36.492478,-120.355526
93609,93609,36.526597,-119.864103
93610,93610,37.098303,-120.281212
93611,93611,36.824452,-119.680031
93612,93612,36.814849,-119.711909
93614,93614,37.209821,-119.749802
93615,93615,36.503323,-119.286328
93616,93616,36.655353,-119.593861
93618,93618,36.521001,-119.389442
93619,93619,36.914176,-119.593979
93620,93620,37.019998,-120.625366
93621,93621,36.799427,-119.151446
93622,93622,36.814503,-120.57524
93623,93623,37.494877,-119.64428
93624,93624,36.378573,-120.116578
93625,93625,36.624539,-119.671874
93626,93626,37.043286,-119.691306
93627,93627,36.474404,-120.061497
93628,93628,36.772209,-118.935729
93630,93630,36.72725,-120.123426
93631,93631,36.480065,-119.517339
93633,93633,36.822163,-118.649328
93634,93634,37.223609,-119.000936
93635,93635,37.068018,-120.843506
93636,93636,36.984885,-119.873914
93637,93637,36.918079,-120.185933
93638,93638,37.043434,-120.033693
93640,93640,36.672683,-120.446521
93641,93641,36.69718,-119.022995
93643,93643,37.22469,-119.470729
93644,93644,37.377787,-119.632385
93645,93645,37.183302,-119.637925
93646,93646,36.644738,-119.289181
93647,93647,36.60076,-119.175485
93648,93648,36.620634,-119.520731
93650,93650,36.840812,-119.799802
93651,93651,37.002388,-119.514858
93652,93652,36.595012,-119.904577
93653,93653,37.248335,-119.944935
93654,93654,36.658709,-119.401274
93656,93656,36.450944,-119.936819
93657,93657,36.816858,-119.458702
93660,93660,36.585446,-120.173897
93662,93662,36.536573,-119.638651
93664,93664,37.094954,-119.215829
93665,93665,36.960114,-120.6481
93666,93666,36.547067,-119.335641
93667,93667,36.951541,-119.333212
93668,93668,36.650275,-120.284085
93669,93669,37.290909,-119.548365
93673,93673,36.452697,-119.482343
93675,93675,36.724723,-119.192779
93701,93701,36.749663,-119.787681
93702,93702,36.739177,-119.753939
93703,93703,36.768859,-119.762395
93704,93704,36.798496,-119.800922
93705,93705,36.787297,-119.827321
93706,93706,36.655905,-119.920259
93710,93710,36.821179,-119.760103
93711,93711,36.834412,-119.833269
93720,93720,36.862209,-119.760793
93721,93721,36.732891,-119.783739
93722,93722,36.801799,-119.879121
93723,93723,36.79348,-119.956794
93725,93725,36.627211,-119.731888
93726,93726,36.793666,-119.759715
93727,93727,36.751227,-119.680145
93728,93728,36.757295,-119.818484
93730,93730,36.903919,-119.747335
93901,93901,36.636994,-121.623561
93905,93905,36.682351,-121.605904
93906,93906,36.722676,-121.633667
93907,93907,36.768531,-121.667227
93908,93908,36.651823,-121.599523
93920,93920,36.092636,-121.550464
93921,93921,36.553175,-121.92396
93923,93923,36.448672,-121.849502
93924,93924,36.415603,-121.637651
93925,93925,36.588482,-121.399217
93926,93926,36.52587,-121.396735
93927,93927,36.248797,-121.386631
93928,93928,36.038956,-121.244015
93930,93930,36.20506,-121.010363
93932,93932,35.989755,-121.064359
93933,93933,36.686845,-121.786887
93940,93940,36.57469,-121.840854
93943,93943,36.597004,-121.874136
93950,93950,36.621181,-121.925179
93953,93953,36.585219,-121.945282
93954,93954,36.133362,-120.928512
93955,93955,36.614789,-121.788022
93960,93960,36.389618,-121.343146
93962,93962,36.624716,-121.646487
94002,94002,37.514354,-122.298901
94005,94005,37.688826,-122.408935
94010,94010,37.57028,-122.365778
94014,94014,37.690885,-122.44744
94015,94015,37.681251,-122.480624
94019,94019,37.469731,-122.411357
94020,94020,37.274612,-122.23242
94021,94021,37.270869,-122.280713
94022,94022,37.357461,-122.14439
94024,94024,37.352293,-122.094291
94025,94025,37.456392,-122.173601
94027,94027,37.453514,-122.204756
94028,94028,37.37685,-122.209761
94030,94030,37.59897,-122.401991
94037,94037,37.554298,-122.496632
94038,94038,37.526902,-122.512164
94040,94040,37.380563,-122.085259
94041,94041,37.38852,-122.075726
94043,94043,37.414028,-122.070679
94044,94044,37.606598,-122.47723
94060,94060,37.247137,-122.273493
94061,94061,37.461147,-122.236948
94062,94062,37.413787,-122.2946
94063,94063,37.493306,-122.195606
94065,94065,37.535949,-122.246748
94066,94066,37.625101,-122.433612
94070,94070,37.496469,-122.272556
94074,94074,37.331714,-122.341466
94080,94080,37.65549,-122.422075
94085,94085,37.388571,-122.017764
94086,94086,37.371644,-122.02312
94087,94087,37.351533,-122.03694
94089,94089,37.412402,-122.015605
94102,94102,37.779583,-122.41934
94103,94103,37.773152,-122.411163
94104,94104,37.791412,-122.402129
94105,94105,37.789649,-122.393067
94107,94107,37.76046,-122.399724
94108,94108,37.792016,-122.408583
94109,94109,37.795388,-122.422444
94110,94110,37.750021,-122.415201
94111,94111,37.79937,-122.398409
94112,94112,37.720367,-122.442936
94114,94114,37.758059,-122.435408
94115,94115,37.785969,-122.437253
94116,94116,37.745399,-122.486065
94117,94117,37.769436,-122.447662
94118,94118,37.780093,-122.462605
94121,94121,37.776769,-122.494707
94122,94122,37.758799,-122.485127
94123,94123,37.800934,-122.438366
94124,94124,37.728895,-122.382779
94127,94127,37.736027,-122.457207
94128,94128,37.626411,-122.385757
94129,94129,37.79734,-122.464466
94130,94130,37.820688,-122.369537
94131,94131,37.745917,-122.441473
94132,94132,37.722214,-122.484083
94133,94133,37.804531,-122.410852
94134,94134,37.721046,-122.413555
94158,94158,37.769893,-122.387011
94301,94301,37.444136,-122.149914
94303,94303,37.457883,-122.115097
94304,94304,37.374694,-122.181851
94305,94305,37.418256,-122.170871
94306,94306,37.415713,-122.130761
94401,94401,37.576948,-122.316903
94402,94402,37.523602,-122.34492
94403,94403,37.538449,-122.305447
94404,94404,37.555999,-122.267679
94501,94501,37.773793,-122.278115
94502,94502,37.737573,-122.24552
94503,94503,38.186168,-122.263565
94505,94505,37.871268,-121.596984
94506,94506,37.809629,-121.913241
94507,94507,37.850417,-122.021098
94508,94508,38.576618,-122.444388
94509,94509,37.996501,-121.812301
94510,94510,38.097812,-122.13648
94511,94511,38.031657,-121.644878
94512,94512,38.134852,-121.834156
94513,94513,37.922226,-121.66874
94514,94514,37.824933,-121.621888
94515,94515,38.634822,-122.615051
94516,94516,37.833901,-122.165034
94517,94517,37.897123,-121.876859
94518,94518,37.950368,-122.022046
94519,94519,37.988449,-122.012968
94520,94520,37.995527,-122.041012
94521,94521,37.956012,-121.956192
94523,94523,37.954163,-122.075772
94525,94525,38.052951,-122.232094
94526,94526,37.814613,-121.990552
94528,94528,37.845601,-121.950612
94530,94530,37.921525,-122.298348
94531,94531,37.965766,-121.775821
94533,94533,38.280745,-122.00638
94534,94534,38.24495,-122.134932
94535,94535,38.282221,-121.924715
94536,94536,37.570508,-121.98125
94538,94538,37.501368,-121.956753
94539,94539,37.516923,-121.911711
94541,94541,37.673932,-122.084839
94542,94542,37.659887,-122.037158
94544,94544,37.633819,-122.057195
94545,94545,37.605905,-122.126873
94546,94546,37.717276,-122.081958
94547,94547,38.010095,-122.26222
94548,94548,37.974295,-121.651441
94549,94549,37.897009,-122.114292
94550,94550,37.519983,-121.575595
94551,94551,37.750512,-121.749249
94552,94552,37.722719,-122.021556
94553,94553,37.993879,-122.136432
94555,94555,37.547596,-122.098218
94556,94556,37.840656,-122.114914
94558,94558,38.441986,-122.23833
94559,94559,38.230168,-122.309879
94560,94560,37.504253,-122.03191
94561,94561,37.993485,-121.691219
94563,94563,37.87992,-122.184572
94564,94564,37.994038,-122.282589
94565,94565,38.014576,-121.906255
94566,94566,37.645824,-121.859868
94567,94567,38.706906,-122.393997
94568,94568,37.715264,-121.914862
94569,94569,38.044258,-122.198765
94571,94571,38.148862,-121.737669
94572,94572,38.032793,-122.252211
94573,94573,38.458864,-122.428831
94574,94574,38.542448,-122.419923
94575,94575,37.840961,-122.109502
94576,94576,38.549422,-122.476382
94577,94577,37.713275,-122.16735
94578,94578,37.70643,-122.125303
94579,94579,37.686499,-122.157227
94580,94580,37.675731,-122.133017
94582,94582,37.762988,-121.916174
94583,94583,37.755504,-121.973009
94585,94585,38.192498,-121.927529
94586,94586,37.574019,-121.853833
94587,94587,37.603153,-122.01864
94588,94588,37.793183,-121.86063
94589,94589,38.166198,-122.236289
94590,94590,38.103234,-122.249096
94591,94591,38.122869,-122.196863
94592,94592,38.092777,-122.278107
94595,94595,37.871955,-122.069381
94596,94596,37.889098,-122.037553
94597,94597,37.918194,-122.071671
94598,94598,37.899936,-121.999244
94599,94599,38.411427,-122.360502
94601,94601,37.775545,-122.218705
94602,94602,37.804319,-122.207544
94603,94603,37.736536,-122.179442
94605,94605,37.761408,-122.150198
94606,94606,37.791887,-122.245334
94607,94607,37.807215,-122.301497
94608,94608,37.836844,-122.289143
94609,94609,37.83439,-122.264372
94610,94610,37.811277,-122.242707
94611,94611,37.82935,-122.203507
94612,94612,37.808772,-122.269166
94613,94613,37.780852,-122.182849
94618,94618,37.844821,-122.238552
94619,94619,37.790447,-122.140801
94621,94621,37.741882,-122.219184
94702,94702,37.865771,-122.286322
94703,94703,37.863903,-122.275642
94704,94704,37.866528,-122.258039
94705,94705,37.865187,-122.238156
94706,94706,37.889662,-122.295532
94707,94707,37.898176,-122.27914
94708,94708,37.903067,-122.26194
94709,94709,37.879234,-122.266839
94710,94710,37.863923,-122.306465
94720,94720,37.873832,-122.254944
94801,94801,37.952844,-122.381974
94803,94803,37.959549,-122.283579
94804,94804,37.915484,-122.337828
94805,94805,37.942798,-122.322926
94806,94806,37.98079,-122.337627
94850,94850,37.902867,-122.319025
94901,94901,37.978138,-122.497591
94903,94903,38.02213,-122.55881
94904,94904,37.945512,-122.56012
94920,94920,37.886768,-122.462619
94922,94922,38.344946,-122.948799
94923,94923,38.339415,-123.034525
94924,94924,37.943087,-122.72379
94925,94925,37.931846,-122.507738
94928,94928,38.346421,-122.694127
94929,94929,38.25242,-122.962717
94930,94930,37.943963,-122.616418
94931,94931,38.325172,-122.716977
94933,94933,38.012599,-122.687478
94937,94937,38.116482,-122.930353
94938,94938,38.029069,-122.726523
94939,94939,37.937555,-122.533519
94940,94940,38.17857,-122.88319
94941,94941,37.897665,-122.563172
94945,94945,38.133899,-122.52719
94946,94946,38.074734,-122.695265
94947,94947,38.113735,-122.629525
94949,94949,38.060094,-122.50641
94950,94950,38.024885,-122.759933
94951,94951,38.320861,-122.646138
94952,94952,38.234553,-122.760385
94954,94954,38.23501,-122.557369
94956,94956,38.021454,-122.81817
94957,94957,37.963099,-122.563622
94960,94960,37.995854,-122.577813
94963,94963,38.013719,-122.67012
94964,94964,37.943237,-122.492131
94965,94965,37.852904,-122.547207
94970,94970,37.914473,-122.646874
94971,94971,38.231547,-122.928226
94972,94972,38.286772,-122.968391
94973,94973,38.012697,-122.639598
95002,95002,37.438672,-122.011582
95003,95003,37.0067,-121.878207
95004,95004,36.874755,-121.630732
95005,95005,37.098768,-122.091734
95006,95006,37.171267,-122.149524
95007,95007,37.104964,-122.106903
95008,95008,37.279173,-121.955565
95010,95010,36.976175,-121.95316
95012,95012,36.784482,-121.759054
95013,95013,37.21536,-121.741516
95014,95014,37.306612,-122.080624
95017,95017,37.114335,-122.237162
95018,95018,37.07409,-122.05937
95019,95019,36.935541,-121.783149
95020,95020,37.018537,-121.554202
95023,95023,36.902045,-121.350783
95030,95030,37.223035,-121.983607
95032,95032,37.217262,-121.924338
95033,95033,37.160846,-121.983966
95035,95035,37.443638,-121.874953
95037,95037,37.173636,-121.598435
95039,95039,36.82815,-121.776583
95041,95041,37.050419,-122.057816
95043,95043,36.525776,-120.951723
95045,95045,36.825807,-121.518565
95046,95046,37.099308,-121.59924
95050,95050,37.351143,-121.95231
95051,95051,37.348637,-121.984368
95053,95053,37.348723,-121.937557
95054,95054,37.39341,-121.964701
95060,95060,37.036461,-122.12175
95062,95062,36.970518,-121.987466
95064,95064,36.991107,-122.059022
95065,95065,37.031475,-121.98334
95066,95066,37.067919,-122.013991
95070,95070,37.260475,-122.046174
95073,95073,37.042254,-121.930051
95075,95075,36.779046,-121.142439
95076,95076,36.945781,-121.756058
95110,95110,37.346524,-121.909833
95111,95111,37.283111,-121.826245
95112,95112,37.344483,-121.883536
95113,95113,37.333694,-121.891002
95116,95116,37.350421,-121.852585
95117,95117,37.31121,-121.961884
95118,95118,37.255364,-121.891912
95119,95119,37.230327,-121.785227
95120,95120,37.185746,-121.842738
95121,95121,37.304164,-121.809865
95122,95122,37.328684,-121.835271
95123,95123,37.244238,-121.831604
95124,95124,37.256836,-121.922728
95125,95125,37.295049,-121.891409
95126,95126,37.326773,-121.916746
95127,95127,37.371092,-121.800755
95128,95128,37.315975,-121.936309
95129,95129,37.305743,-122.000927
95130,95130,37.277121,-121.986133
95131,95131,37.387105,-121.897415
95132,95132,37.427519,-121.751106
95133,95133,37.371606,-121.860844
95134,95134,37.428561,-121.94345
95135,95135,37.283813,-121.658469
95136,95136,37.269128,-121.850992
95138,95138,37.247422,-121.734624
95139,95139,37.224915,-121.764071
95140,95140,37.393503,-121.620009
95148,95148,37.335998,-121.777641
95202,95202,37.959736,-121.288287
95203,95203,37.949618,-121.329227
95204,95204,37.973736,-121.319246
95205,95205,37.964578,-121.259841
95206,95206,37.918854,-121.417427
95207,95207,38.002125,-121.324979
95209,95209,38.046863,-121.352802
95210,95210,38.030177,-121.297912
95211,95211,37.97925,-121.313409
95212,95212,38.049939,-121.23297
95215,95215,37.949395,-121.157059
95219,95219,38.051726,-121.483036
95220,95220,38.200231,-121.235031
95222,95222,38.072109,-120.631346
95223,95223,38.433968,-119.968436
95224,95224,38.231324,-120.322688
95225,95225,38.193792,-120.875901
95226,95226,38.228948,-120.856627
95227,95227,38.210353,-121.051256
95228,95228,37.907268,-120.688285
95230,95230,37.99765,-120.894682
95231,95231,37.873919,-121.290011
95232,95232,38.355339,-120.594015
95233,95233,38.161669,-120.368144
95234,95234,37.925763,-121.528026
95236,95236,38.02973,-121.02389
95237,95237,38.161879,-121.149837
95240,95240,38.114388,-121.144658
95242,95242,38.137068,-121.384546
95245,95245,38.302747,-120.609465
95246,95246,38.229886,-120.512927
95247,95247,38.138539,-120.452903
95248,95248,38.317709,-120.461112
95249,95249,38.189115,-120.638708
95250,95250,38.237837,-120.428657
95251,95251,38.080062,-120.45358
95252,95252,38.149816,-120.84667
95254,95254,38.192438,-120.95774
95255,95255,38.419902,-120.474458
95257,95257,38.379703,-120.448
95258,95258,38.172065,-121.308915
95301,95301,37.321106,-120.654407
95303,95303,37.470288,-120.671083
95304,95304,37.671103,-121.406559
95305,95305,37.794225,-120.26914
95306,95306,37.365322,-120.160386
95307,95307,37.554315,-120.951381
95310,95310,38.085839,-120.37855
95311,95311,37.705914,-120.082359
95312,95312,37.421071,-120.652983
95313,95313,37.431392,-121.051294
95314,95314,38.319132,-119.796208
95315,95315,37.421901,-120.769284
95316,95316,37.569597,-120.687563
95317,95317,37.12738,-120.506433
95318,95318,37.653372,-119.784117
95319,95319,37.639356,-120.903086
95320,95320,37.825598,-121.005157
95321,95321,37.86424,-120.004566
95322,95322,37.166199,-121.024432
95323,95323,37.609568,-120.685923
95324,95324,37.394536,-120.890747
95325,95325,37.465621,-120.225809
95326,95326,37.589098,-120.855436
95327,95327,37.861625,-120.480322
95328,95328,37.558276,-120.909848
95329,95329,37.666587,-120.411517
95330,95330,37.812493,-121.308772
95333,95333,37.242252,-120.240431
95334,95334,37.347307,-120.742627
95335,95335,38.124887,-120.093146
95336,95336,37.830267,-121.20102
95337,95337,37.743039,-121.23838
95338,95338,37.507011,-119.983789
95340,95340,37.345776,-120.42415
95341,95341,37.231045,-120.501072
95345,95345,37.583767,-119.976728
95346,95346,38.065529,-120.170699
95348,95348,37.392287,-120.498299
95350,95350,37.671905,-121.007318
95351,95351,37.624099,-120.997117
95354,95354,37.639029,-120.964772
95355,95355,37.672906,-120.946594
95356,95356,37.718573,-121.032309
95357,95357,37.671153,-120.886268
95358,95358,37.611634,-121.107858
95360,95360,37.326007,-121.193665
95361,95361,37.787236,-120.759278
95363,95363,37.453033,-121.230314
95364,95364,38.2247,-119.759979
95365,95365,37.331113,-120.294817
95366,95366,37.762766,-121.125277
95367,95367,37.729282,-120.942905
95368,95368,37.713269,-121.085404
95369,95369,37.531889,-120.437413
95370,95370,37.984401,-120.348066
95372,95372,37.991289,-120.262791
95374,95374,37.316807,-120.855753
95375,95375,38.189554,-120.024082
95376,95376,37.7372,-121.433372
95377,95377,37.674004,-121.516857
95379,95379,37.939765,-120.188046
95380,95380,37.47422,-120.875272
95382,95382,37.527558,-120.851106
95383,95383,38.11276,-120.225746
95385,95385,37.609821,-121.248495
95386,95386,37.66729,-120.622092
95387,95387,37.497542,-121.342568
95388,95388,37.41467,-120.586787
95389,95389,37.61941,-119.684081
95391,95391,37.768222,-121.60951
95401,95401,38.449137,-122.793752
95403,95403,38.503685,-122.754057
95404,95404,38.525733,-122.690443
95405,95405,38.437113,-122.665993
95407,95407,38.394514,-122.744328
95409,95409,38.4685,-122.582123
95410,95410,39.20447,-123.690434
95412,95412,38.713421,-123.349777
95415,95415,39.015263,-123.37077
95417,95417,39.68979,-123.610022
95420,95420,39.366146,-123.804985
95421,95421,38.628217,-123.160834
95422,95422,38.973012,-122.623922
95423,95423,39.064446,-122.626701
95425,95425,38.823053,-123.063859
95426,95426,38.833425,-122.734061
95427,95427,39.244183,-123.563531
95428,95428,39.824803,-123.179609
95429,95429,39.72093,-123.300262
95430,95430,38.461425,-123.047186
95431,95431,38.348343,-122.517056
95432,95432,39.108492,-123.64542
95435,95435,39.007213,-122.86951
95436,95436,38.486828,-122.905617
95437,95437,39.487427,-123.742356
95439,95439,38.493179,-122.777546
95441,95441,38.731694,-122.906767
95442,95442,38.371539,-122.487306
95443,95443,39.054011,-122.751253
95444,95444,38.433216,-122.869001
95445,95445,38.83252,-123.472532
95446,95446,38.519427,-123.010679
95448,95448,38.622985,-122.889121
95449,95449,38.936137,-123.119445
95450,95450,38.501322,-123.170912
95451,95451,38.922136,-122.789564
95452,95452,38.425523,-122.53521
95453,95453,39.045931,-122.941077
95454,95454,39.806096,-123.516147
95456,95456,39.258886,-123.759164
95457,95457,38.882973,-122.53272
95458,95458,39.161278,-122.745312
95459,95459,38.976628,-123.604854
95460,95460,39.305245,-123.748616
95461,95461,38.754006,-122.55211
95462,95462,38.46216,-123.018314
95463,95463,39.186791,-123.558382
95464,95464,39.128384,-122.849352
95465,95465,38.417342,-123.046012
95466,95466,39.081822,-123.504872
95467,95467,38.808264,-122.539952
95468,95468,38.918887,-123.605684
95469,95469,39.390917,-123.052841
95470,95470,39.312941,-123.246092
95471,95471,38.524077,-122.968774
95472,95472,38.398815,-122.861923
95476,95476,38.249428,-122.466627
95482,95482,39.136804,-123.261089
95485,95485,39.225478,-122.922912
95486,95486,38.474137,-123.024203
95488,95488,39.683707,-123.741609
95490,95490,39.492842,-123.340973
95492,95492,38.527956,-122.821481
95493,95493,39.184728,-122.969574
95494,95494,38.889651,-123.337821
95497,95497,38.725274,-123.458314
95501,95501,40.79872,-124.151556
95503,95503,40.738403,-124.107815
95511,95511,40.130446,-123.685562
95514,95514,40.294713,-123.653473
95519,95519,40.963005,-124.052501
95521,95521,40.855764,-124.067208
95524,95524,40.820835,-124.050022
95525,95525,40.92143,-123.815266
95526,95526,40.461528,-123.676487
95527,95527,41.012258,-123.387964
95528,95528,40.496986,-123.930811
95531,95531,41.819578,-124.065667
95536,95536,40.523099,-124.326421
95537,95537,40.726752,-124.217378
95540,95540,40.578727,-124.13687
95542,95542,40.080405,-123.783948
95543,95543,41.870812,-123.86277
95545,95545,40.280399,-124.063671
95546,95546,41.093371,-123.673442
95547,95547,40.557483,-124.081215
95548,95548,41.597805,-124.044316
95549,95549,40.666676,-123.908382
95550,95550,40.781816,-123.827288
95551,95551,40.674987,-124.231146
95552,95552,40.202543,-123.228609
95553,95553,40.246155,-123.890255
95554,95554,40.296384,-123.777138
95555,95555,41.241804,-123.913425
95556,95556,41.307717,-123.587415
95558,95558,40.294316,-124.236606
95559,95559,40.185826,-123.745526
95560,95560,40.169254,-123.831782
95562,95562,40.467272,-124.122969
95563,95563,40.87733,-123.499144
95564,95564,40.79088,-124.204748
95565,95565,40.455186,-124.015198
95567,95567,41.950683,-124.097094
95568,95568,41.452825,-123.465655
95569,95569,40.377299,-123.854169
95570,95570,41.075626,-124.166031
95571,95571,40.322772,-123.920622
95573,95573,40.914926,-123.668723
95585,95585,39.844676,-123.656922
95587,95587,39.963259,-123.775734
95589,95589,40.05347,-123.972513
95595,95595,40.123177,-123.446279
95601,95601,38.426699,-120.825717
95602,95602,38.99003,-121.114408
95603,95603,38.915869,-121.080284
95604,95604,39.243304,-120.071406
95605,95605,38.593521,-121.539867
95606,95606,38.756046,-122.195442
95607,95607,38.830616,-122.126037
95608,95608,38.624199,-121.327209
95610,95610,38.694909,-121.271762
95612,95612,38.384706,-121.578721
95614,95614,38.886238,-120.979699
95615,95615,38.318624,-121.554752
95616,95616,38.554147,-121.798514
95618,95618,38.543211,-121.6815
95619,95619,38.680605,-120.814261
95620,95620,38.412615,-121.756222
95621,95621,38.69573,-121.308284
95623,95623,38.603602,-120.85703
95624,95624,38.427507,-121.314899
95625,95625,38.358121,-121.911547
95626,95626,38.732982,-121.468033
95627,95627,38.734513,-122.025346
95628,95628,38.652096,-121.254384
95629,95629,38.516472,-120.688508
95630,95630,38.666597,-121.141635
95631,95631,39.053461,-120.795632
95632,95632,38.274451,-121.259201
95633,95633,38.84021,-120.829748
95634,95634,38.936904,-120.772283
95635,95635,38.910748,-120.908621
95636,95636,38.621278,-120.383217
95637,95637,38.834124,-122.236908
95638,95638,38.312981,-121.123449
95639,95639,38.388788,-121.499937
95640,95640,38.325248,-120.955787
95641,95641,38.140366,-121.589783
95642,95642,38.343033,-120.760921
95645,95645,38.884891,-121.778654
95646,95646,38.689265,-120.054979
95648,95648,38.922812,-121.312005
95650,95650,38.809175,-121.171375
95651,95651,38.81782,-120.929272
95652,95652,38.663063,-121.401121
95653,95653,38.697075,-121.978414
95655,95655,38.549228,-121.278598
95658,95658,38.881183,-121.169014
95659,95659,38.842863,-121.570307
95660,95660,38.678557,-121.379978
95661,95661,38.7413,-121.249137
95662,95662,38.689174,-121.218435
95663,95663,38.855804,-121.182329
95664,95664,38.801281,-121.037856
95665,95665,38.40065,-120.648463
95666,95666,38.523861,-120.376629
95667,95667,38.734925,-120.789952
95668,95668,38.827555,-121.495182
95669,95669,38.482619,-120.899472
95670,95670,38.604268,-121.280327
95672,95672,38.72226,-120.992955
95673,95673,38.689241,-121.459014
95674,95674,38.954166,-121.481859
95675,95675,38.5447,-120.7405
95677,95677,38.791075,-121.234854
95678,95678,38.764008,-121.287501
95679,95679,38.897028,-122.348407
95680,95680,38.240419,-121.587535
95681,95681,38.995557,-121.353545
95682,95682,38.612129,-120.964522
95683,95683,38.511992,-121.096261
95684,95684,38.592277,-120.584575
95685,95685,38.434012,-120.762015
95686,95686,38.157794,-121.520223
95687,95687,38.333133,-121.920151
95688,95688,38.408571,-122.022775
95689,95689,38.478864,-120.611975
95690,95690,38.199579,-121.618249
95691,95691,38.627951,-121.593287
95692,95692,39.043066,-121.409804
95693,95693,38.399281,-121.210116
95694,95694,38.571882,-122.064865
95695,95695,38.687045,-121.857077
95697,95697,38.732368,-121.810263
95698,95698,38.816357,-121.91077
95699,95699,38.436774,-120.857624
95701,95701,39.226549,-120.767022
95703,95703,38.985882,-120.978665
95709,95709,38.750132,-120.675412
95713,95713,39.111833,-120.877969
95714,95714,39.200502,-120.840726
95715,95715,39.269964,-120.677611
95717,95717,39.144523,-120.852571
95720,95720,38.76661,-120.223931
95721,95721,38.840829,-120.07413
95722,95722,39.009801,-121.034707
95724,95724,39.311718,-120.328107
95726,95726,38.800349,-120.503871
95728,95728,39.319331,-120.39938
95735,95735,38.840287,-120.150294
95736,95736,39.038814,-120.977522
95742,95742,38.562201,-121.2047
95746,95746,38.747526,-121.180092
95747,95747,38.782058,-121.37317
95757,95757,38.344888,-121.431231
95758,95758,38.427813,-121.444696
95762,95762,38.683688,-121.064727
95765,95765,38.818602,-121.278093
95776,95776,38.698692,-121.699462
95811,95811,38.58323,-121.478101
95814,95814,38.580568,-121.49559
95815,95815,38.605407,-121.447593
95816,95816,38.571577,-121.466465
95817,95817,38.550547,-121.456373
95818,95818,38.554487,-121.497058
95819,95819,38.569828,-121.440067
95820,95820,38.534879,-121.444372
95821,95821,38.625693,-121.384916
95822,95822,38.512844,-121.494215
95823,95823,38.474099,-121.443454
95824,95824,38.517584,-121.440739
95825,95825,38.591897,-121.408467
95826,95826,38.543848,-121.378284
95827,95827,38.55612,-121.32426
95828,95828,38.48879,-121.395838
95829,95829,38.489546,-121.323452
95830,95830,38.490508,-121.284171
95831,95831,38.495787,-121.530256
95832,95832,38.447413,-121.496138
95833,95833,38.619049,-121.517552
95834,95834,38.635212,-121.518608
95835,95835,38.670649,-121.525983
95837,95837,38.693765,-121.598941
95838,95838,38.645723,-121.445254
95841,95841,38.660368,-121.347395
95842,95842,38.686781,-121.349166
95843,95843,38.715463,-121.363422
95864,95864,38.584047,-121.375846
95901,95901,39.223939,-121.49405
95903,95903,39.106099,-121.36818
95910,95910,39.491126,-120.817232
95912,95912,39.016702,-122.062143
95914,95914,39.449004,-121.330521
95915,95915,40.006256,-121.158894
95916,95916,39.665539,-121.351955
95917,95917,39.409686,-121.756653
95918,95918,39.301229,-121.337929
95919,95919,39.432882,-121.261143
95920,95920,39.449794,-121.936372
95922,95922,39.488182,-121.065797
95923,95923,40.133728,-121.092693
95925,95925,39.484108,-121.192649
95926,95926,39.745628,-121.843834
95928,95928,39.687414,-121.841315
95930,95930,39.546887,-121.176215
95932,95932,39.266469,-121.978604
95934,95934,40.0601,-120.907957
95935,95935,39.379344,-121.192261
95936,95936,39.605383,-120.811013
95937,95937,38.885244,-121.999039
95938,95938,39.604713,-121.795288
95939,95939,39.571982,-122.580827
95941,95941,39.516349,-121.250817
95942,95942,40.01945,-121.566635
95943,95943,39.584807,-122.032297
95944,95944,39.495266,-120.943811
95945,95945,39.196355,-120.972393
95946,95946,39.215586,-121.20324
95947,95947,40.174566,-120.819756
95948,95948,39.339264,-121.770785
95949,95949,39.099928,-121.135289
95950,95950,39.043447,-121.918099
95951,95951,39.722512,-122.004433
95953,95953,39.259738,-121.77633
95954,95954,39.884654,-121.586789
95955,95955,39.294516,-122.201715
95956,95956,39.838288,-121.134235
95957,95957,39.060921,-121.827155
95959,95959,39.347811,-120.918728
95960,95960,39.403217,-121.034486
95961,95961,39.041333,-121.562835
95962,95962,39.344791,-121.264552
95963,95963,39.736174,-122.259482
95965,95965,39.593945,-121.581363
95966,95966,39.475369,-121.414133
95968,95968,39.43521,-121.551925
95969,95969,39.716898,-121.646205
95970,95970,39.398424,-122.060946
95971,95971,39.940063,-120.891327
95973,95973,39.89163,-121.841931
95974,95974,39.480221,-121.838454
95975,95975,39.224353,-121.151593
95977,95977,39.176595,-121.291692
95978,95978,39.87561,-121.536306
95979,95979,39.302035,-122.51116
95981,95981,39.679484,-120.998573
95982,95982,39.173231,-121.805673
95983,95983,40.077882,-120.707287
95984,95984,40.040955,-121.122652
95986,95986,39.342547,-120.770876
95987,95987,39.105127,-122.283003
95988,95988,39.491654,-122.26208
95991,95991,38.994124,-121.594573
95993,95993,39.082497,-121.680114
96001,96001,40.601778,-122.454973
96002,96002,40.527834,-122.318749
96003,96003,40.751937,-122.230678
96006,96006,41.133532,-120.842566
96007,96007,40.458029,-122.27783
96008,96008,40.704869,-122.120038
96009,96009,41.05604,-121.020802
96010,96010,40.91378,-123.307421
96011,96011,41.047279,-121.974571
96013,96013,40.973657,-121.692399
96014,96014,41.326646,-122.773654
96015,96015,41.487278,-120.912416
96016,96016,40.894208,-121.508834
96017,96017,41.076875,-122.253652
96019,96019,40.676564,-122.380909
96020,96020,40.39792,-121.298385
96021,96021,39.923479,-122.270454
96022,96022,40.336308,-122.447977
96023,96023,41.928894,-121.906809
96024,96024,40.547045,-122.881185
96025,96025,41.209942,-122.307935
96027,96027,41.389546,-123.068026
96028,96028,41.006417,-121.480741
96029,96029,39.939297,-122.489191
96031,96031,41.186066,-123.181796
96032,96032,41.609516,-122.963525
96033,96033,40.781633,-122.584149
96034,96034,41.427883,-122.609205
96035,96035,40.045637,-122.184859
96037,96037,41.544675,-122.934665
96038,96038,41.6071,-122.545715
96039,96039,41.687905,-123.483269
96040,96040,40.793535,-121.438607
96041,96041,40.525724,-123.193917
96044,96044,41.958904,-122.525921
96046,96046,40.588772,-123.434201
96047,96047,40.469768,-122.660975
96048,96048,40.830359,-123.023489
96049,96049,41.771946,-123.327716
96050,96050,41.89888,-122.888552
96051,96051,40.9332,-122.382788
96052,96052,40.738391,-122.821086
96054,96054,41.238956,-121.03925
96055,96055,40.103236,-122.074735
96056,96056,41.028176,-121.308316
96057,96057,41.268682,-121.93094
96058,96058,41.727048,-121.907369
96059,96059,40.421637,-121.833052
96061,96061,40.338068,-121.47907
96062,96062,40.579188,-122.043629
96063,96063,40.370374,-121.606194
96064,96064,41.754703,-122.365621
96065,96065,40.87908,-121.893264
96067,96067,41.314337,-122.380798
96068,96068,41.118402,-121.207564
96069,96069,40.685336,-122.016069
96071,96071,40.663714,-121.461382
96073,96073,40.598601,-122.19493
96074,96074,39.884652,-122.586513
96075,96075,40.343242,-121.852205
96076,96076,40.391542,-122.937883
96080,96080,40.181889,-122.377103
96084,96084,40.844643,-121.969849
96085,96085,41.740818,-123.077331
96086,96086,41.924212,-123.260809
96087,96087,40.616999,-122.625773
96088,96088,40.51087,-121.876112
96090,96090,40.021716,-122.127821
96091,96091,41.034706,-122.791321
96092,96092,39.96332,-122.017242
96093,96093,40.765478,-122.941428
96094,96094,41.456039,-122.468687
96096,96096,40.654093,-121.822848
96097,96097,41.756147,-122.659466
96101,96101,41.452711,-120.53846
96103,96103,39.805581,-120.66596
96104,96104,41.507155,-120.142907
96105,96105,39.753579,-120.054995
96106,96106,39.736661,-120.543729
96107,96107,38.425282,-119.475743
96108,96108,41.78726,-120.401722
96109,96109,40.019715,-120.099183
96110,96110,41.299883,-120.078511
96111,96111,39.483479,-120.037661
96112,96112,41.858844,-120.104998
96113,96113,40.142933,-120.159007
96114,96114,40.296745,-120.499838
96115,96115,41.699732,-120.119848
96116,96116,41.258361,-120.372343
96117,96117,40.533462,-120.235356
96118,96118,39.639597,-120.247144
96119,96119,41.022721,-120.523987
96120,96120,38.742445,-119.869382
96121,96121,40.164393,-120.380042
96122,96122,39.825228,-120.477053
96123,96123,40.728194,-120.39628
96124,96124,39.641871,-120.445265
96125,96125,39.602711,-120.63615
96126,96126,39.529719,-120.454168
96128,96128,40.358768,-120.408154
96129,96129,39.78927,-120.357278
96130,96130,40.551757,-120.675673
96132,96132,40.914751,-120.402175
96133,96133,38.620964,-119.505184
96134,96134,41.767323,-121.440546
96135,96135,39.808645,-120.205681
96136,96136,40.34623,-120.081321
96137,96137,40.270731,-121.039461
96140,96140,39.232018,-120.0964
96141,96141,39.067281,-120.177794
96142,96142,38.997199,-120.129613
96143,96143,39.254453,-120.022185
96145,96145,39.148318,-120.170938
96146,96146,39.198047,-120.237787
96148,96148,39.2468,-120.058578
96150,96150,38.869825,-120.008594
96155,96155,38.762986,-120.087069
96161,96161,39.313089,-120.207783
